year,assaultrate_cl27,asssaultrate_cl29
2000,29.04109589,8.907641819
2001,33.82069827,8.842967514
2002,32.69268873,9.241290084
2003,29.77737865,10.09266905
2004,15.36653711,7.287965747
2005,7.360900628,15.8299412
2006,6.23337766,7.185843888
2007,4.394199656,6.689858175
2008,2.692100608,7.972362477
2009,3.707686033,8.357526172
2010,3.221188261,4.805591962
2011,3.221188261,3.494975972
2012,1.431639227,8.300567934
2013,1.07372942,6.989951944
2014,2.505368647,18.34862385